"allspice","f",
"almond","f",
"all-purpose flour","f",
"amaretti","f",
"anchovy","f",
"anise","f",
"apple juice","f",
"artichoke","f",
"artichoke heart","f",
"artichoke","f",
"asparagus","f",
"asparagus spear","f","asparagus"
"aubergine","f",
"avocado","f",
"bacon","f",
"baguette","f",
"baked beans","f",
"balsamic vinegar","c",
"bamboo","f",
"banana","f",
"bap","f",
"basil","f",
"bay leaf","c",
"bay leaves","c","bay leaf"
"bean","f",
"beef","f",
"beef mince","f",
"beef brisket","f",
"beef stock","c",
"bell pepper","f",
"berry","f",
"berries","f","berry"
"bicarbonate of soda","f",
"biscuit","f",
"biscuit","f",
"black olive","f",
"black pepper","c",
"black-eyed peas","f",
"blueberries","f","blueberry"
"blueberry","f",
"bonnet chilli","f",
"bouillon","f",
"bourbon","f",
"braising steak","f",
"bran","f",
"brandy","f",
"bread","f",
"breadcrumbs","f",
"bbq sauce","c",
"habanero sauce","c",
"brie","f",
"brine","f",
"broccoli","f",
"brown rice","f",
"brown sauce","c",
"brown sugar","f",
"buckwheat","f",
"buffalo","f",
"bun","f",
"butter","f",
"buttermilk","f",
"butternut","f",
"butternut squash","f",
"butterscotch","f",
"cabbage","f",
"cake","f",
"candy","f",
"candies","f","candy"
"cannellini","f",
"canola oil","f",
"caper","f",
"caramel","f",
"caraway seed","c",
"cardamom","c",
"carrot","f",
"carrot","f",
"cashew","f",
"caster sugar","f",
"cayenne pepper","c",
"celeriac","f",
"celery","f",
"cereal","f",
"champagne","f",
"chard","f",
"cheddar cheese","f",
"cheese","f",
"cherries","f","cherry"
"cherry","f",
"cherry tomatoe","f",
"chestnut","f",
"chicken","f",
"chicken breast","f",
"chicken drumstick","f",
"chicken stock","c",
"chicken thigh","f",
"chicken leg","f",
"chicken","f",
"chickpea","f",
"chicory","f",
"chile","f",
"chilli","f",
"chillies","f","chilli"
"chipotle","f",
"chip","f",
"chive","c",
"chive","c",
"chocolate","f",
"chop","f",
"choy","f",
"chutney","c",
"ciabatta","f",
"cider","f",
"cinnamon","c",
"clam","f",
"clarified butter","f",
"clove","c",
"cocoa","f",
"coconut","f",
"orange essence","c",
"almond essence","c",
"coconut milk","f",
"cod","f",
"coffee","c",
"coleslaw","f",
"condensed milk","f",
"coriander","f",
"coriander leaves","f",
"corn","f",
"cornflour","f",
"cornmeal","f",
"courgette","f",
"couscous","f",
"cranberries","f","cranberry"
"cranberry","f",
"cranberry juice","f",
"cream","f",
"single cream","f",
"double cream","f",
"sour cream","f",
"crÔæème fraiche","f",
"crisp","f",
"crust","f",
"creme de cassis","c",
"cucumber","f",
"cumin","c",
"custard","f",
"dijon mustard","c",
"dill","c",
"duck","f",
"edamame bean","f",
"egg","f",
"espresso","f",
"fennel","f",
"feta","f",
"fig","f",
"fillet steak","f",
"filo pastry","f",
"fish","f",
"flank","f",
"flour","f",
"focaccia","f",
"foie gras","f",
"fruit","f",
"fudge","f",
"garam masala","f",
"garlic","f",
"gelatine","f",
"gin","c",
"ginger","c",
"glucose","f",
"goat","f",
"goat's cheese","f",
"golden syrup","f",
"gorgonzola","f",
"gouda","f",
"grape","f",
"grapefruit","f",
"grape","f",
"grapeseed","f",
"green olive","f",
"green pepper","f",
"green","f",
"gruyere","f",
"gruyere cheese","f",
"haddock","f",
"ham","f",
"harissa","c",
"herbs","c",
"hoisin","f",
"hoisin sauce","f",
"honey","f",
"honeydew melon","f",
"horseradish","f",
"iceberg lettuce","f",
"icing sugar","f",
"jalapeno pepper","f",
"juice","f",
"julienne","f",
"kalamata olives","f",
"ketchup","c",
"kidney bean","f",
"lager","c",
"lamb","f",
"lard","f",
"lardons","f",
"lasagne","f",
"lavender","c",
"leek","f",
"lemon","f",
"lemongrass","c",
"lentil","f",
"lettuce","f",
"lime","f",
"limoncello","c",
"lobster","f",
"loin","f",
"lychee","f",
"macadamia nut","f",
"malt","f",
"mangetout","f",
"mango","f",
"mangoes","f","mango"
"maple syrup","f",
"marinara","f",
"marshmallow","f",
"marzano","f",
"mascarpone","f",
"mayonnaise","f",
"meat","f",
"melon","f",
"milk","f",
"mince","f",
"mint","c",
"miso soup","f",
"molasses","f",
"monterey jack","f",
"mozzarella","f",
"mushroom","f",
"mustard","c",
"new potato","f",
"noodle","f",
"nutella","f",
"nutmeg","c",
"nut","f",
"oat","f",
"oil","c",
"okra","f",
"olive oil","c",
"olive","f",
"onion","f",
"onion ring","f",
"orange","f",
"orange juice","f",
"oregano","c",
"oyster","f",
"pak choi","f",
"pancetta","f",
"panko","f",
"papaya","f",
"paprika","c",
"parma ham","f",
"parmesan","f",
"parmigiano","f",
"parmigiano-reggiano","f",
"parsley","c",
"parsnip","f",
"passion fruit","f",
"pasta","f",
"Pasta shell","f",
"pastry","f",
"pea","f",
"peach","f",
"peaches","f","peach"
"peanut","f",
"peanut","f",
"pear","f",
"pea","f",
"pecan","f",
"pecorino","f",
"penne","f",
"penne pasta","f",
"pepper","c",
"peppercorn","f",
"peppers","f",
"pesto","f",
"pickle","f",
"pickled gherkin","f",
"pickled onion","f",
"pickled red onion","f",
"pie","f",
"pimento pepper","f",
"pine nut","f",
"pineapple","f",
"pistachio","f",
"pita","f","pitta"
"pitta","f",
"pitted olive","f",
"pizza","f",
"plantain","f",
"plum","f",
"plum tomato","f",
"plum tomatoes","f","plum tomato"
"sun dried tomato","f","sun dried tomatoes"
"sun-dried tomato","f","sun-dried tomatoes"
"poblano","f",
"pod","f",
"polenta","f",
"pomegranate","f",
"popcorn","f",
"pork","f",
"Pork chop","f",
"porridge","f",
"potato","f",
"potatoes","f","potato"
"prawn","f",
"prosciutto","f",
"prosciutto ham","f",
"provolone","f",
"pumpkin","f",
"quail","f",
"radicchio","f",
"radish","f",
"radishes","f","radish"
"rapeseed oil","c",
"raspberries","f","raspberry"
"raspberry","f",
"red pepper","f",
"red onion","f",
"relish","f",
"rhubarb","f",
"rib","f",
"rice","f",
"ricotta","f",
"rocket","c",
"roll","f",
"rose","c",
"rosemary","f",
"russet","f",
"saffron","f",
"sage","f",
"sake","c",
"salad","f",
"salami","f",
"salmon","f",
"salmon flake","f",
"salsa","c",
"salt","c",
"sauce","f",
"sausage","f",
"savoy cabbage","f",
"scallop","f",
"schnapps","c",
"self raising flour","f",
"semolina","f",
"serrano ham","f",
"shallot","f",
"shaohsing","f",
"sherry","c",
"shiitake","f",
"shiitake mushroom","f",
"shortcrust pastry","f",
"sirloin","f",
"sirloin steak","f",
"slaw","f",
"smoky bacon","f",
"snapper","f",
"sourdough","f",
"soy sauce","c",
"spaghetti","f",
"spice","c",
"spinach","f",
"sponge","f",
"spring onion","f",
"sprout","f",
"squash","f",
"squid","f",
"sriracha","c",
"steak","f",
"stock","f",
"stout","c",
"strawberries","f",
"strawberry","f",
"stuffing","f",
"sugar","f",
"sultana","f",
"sunflower oil","c",
"sweet pepper","f",
"sweetcorn","f",
"sweets","f",
"swordfish","f",
"tangerine","f",
"tapioca","c",
"tarragon","c",
"tartar","f",
"tea","f",
"tequila","f",
"thyme","c",
"toast","f",
"toffee","f",
"tofu","f",
"tomatillos","f",
"tomato","f",
"tomato puree","f",
"tomatoes","f","tomato"
"tortilla","f",
"treacle","f",
"tuna steak","f",
"tuna","f",
"turkey","f",
"turkey breast","f",
"turkey thigh","f",
"turmeric","c",
"turnip","f",
"vanilla","c",
"vanilla essence","c",
"vanilla pod","f",
"veal","f",
"vegetable oil","c",
"vermouth","f",
"vinaigrette","c",
"vinegar","f",
"white wine vinegar","f",
"red wine vinegar","f",
"vodka","c",
"waffle","f",
"walnut","f",
"watercress","c",
"watermelon","f",
"white rice","f",
"wholegrain pasta","f",
"wine","c",
"worcestershire sauce","c",
"yeast","f",
"yellow pepper","f",
"greek yoghurt","f",
"natural yoghurt","f",
"yoghurt","f",
"yogurt","f",
"red onion","f",
